PT-7338,LSHH-4004,LT-4005,LSLL-4006,PIT-4120,LSHH-4104,LALL-4105,LSLL-4106,PIT-4220,LSHH-4204,LALL-4205,LSLL-4206,PIT-20021,LIT-20029,LIT-20028,LIT-20031,PIT-70021,LIT-70031,LIT-70028,LIT-70029,P-0153,P-0424,P-0425,P-0426,P-0427,P-0411,P-0419,P-0446,P-0445,E-0164,E-0165,E-0166,P-0122-A,P-0122-B,P-0121-A,P-0121-B,P-0126,P-0104-A,P-0104-B,P-0135-A,P-0135-B,P-0601-A,P-0601-B,P-1101-A,P-1101-B,C-1101-A,C-1101-B,C-1101-C,Z-0501,Z-0502,Z-0503,P-0201-A,P-0201-B,P-0202,P-0412-A,P-0412-B,P-1502-A,P-1502-B,P-1503-A,P-1503-B,P-1509,P-1511,P-1514,P-1515,P-1516,P-1201,P-1202-A,P-1202-B,P-0109-A,P-0109-B,P-0110-A,P-0110-B,P-0111,P-0112,P-0120-A,P-0120-B,P-0301-A,P-0301-B,EG-0901,EG-0902,EG-0903,P-01110,P-01111-A,P-01111-B,P-01112-A,P-01112-B,HV-7359,HV-7360,HV-7374,P-04101-A,P-04101-B,P-04103,P-02101,P-15103-A,P-15103-B,P-15104-A,P-15104-B,XXV-10000,P-01101-A,P-01101-B,P-01102-A,P-01102-B,P-01201-A,P-01201-B,P-01103,CB-20901-A,CB-20901-B,CB-20902-A,CB-20902-B,CB-20903-A,CB-20903-B,CB-20904-A,CB-20904-B,CR-19101
PT-7338,LSHH-4004,LT-4005,LSLL-4006,PIT-4120,LSHH-4104_I,LALL-4105,LSLL-4106_I,PIT-4220-1,LSHH-4204,LALL-4205_I,LSLL-4206_I,PIT-20021,LIT-20029,LIT-20028,LIT-20031,PIT-70021,LIT-70031,LIT-70028,LIT-70029,PM-0153_BCL,S-1014_PM-0424_L,PM-0425,PM-0426-10,PM-0427,S-1014_PM-0411_L,PM-0419-02,PM-0446,PM-0445-08,PSD_Gas_Cooler_E-0164,PSD_Gas_Cooler_E-0165,PSD_Gas_Cooler_E-0166,PM-0122A-02,PM-0122B-06,PM-0121A-02,PM-0121B-01,PM-0126-01,PM-0104A-01,PM-0104B-10,PM-0135A_AL_P_BLK,PM-0135B_ABLK_ST,PM-0601A-08,PM-0601B-02,PM-1101AB-DS,PM-1101B,CM-1101A_OUT_OF_SERV,CM-1101B_FL_INH,CM-1101C_OOS,CAP_Z-0501_CA,Z-0502-01,CAP_Z-0503_STBY2,PM-0201A,PM-0201B-02,PM-0202-01,PM-0412A-02,PM-0412B-02,PM-1502A-02,PM-1502B,PM-1503A-01,PM-1503B-01,PM-1509-02,PM-1511-06,PM-1514-02,PM-1515,PM-1516,PM-1201-08,PM-1202AB_18,PM-1202B-01,PM-0109A,PM-0109B-08,PM-0110A,PM-0110B,PM-0111_2-08,PM-0112,PM-0120A-08,PM-0120B,PM-0301A,PMS_Start_Inh_PM-0301B,EG-0901-09,EG-0902-02,EG-0903-02,P-01110-09,P-01111-A,P-01111-B-09,P-01112-A-09,P-01112-B,HV-7359,HV-7360,HV-7374,P-04101-A,P-04101-B-08,P-04103_27,P-02101-A_06,P-15103-A-03,P-15103-B-16,P-15104-A-27,P-15104-B-08,XXV-10000,P-01101-A-09,P-01101-B_08,P-01102-A-08,P-01102-B,P-01201-A-08,P-01201-B-09,P-01103-27,CB-20901-A,CB-20901-B-27,CB-20902-A,CB-20902-B-27,CB-20903-A-27,CB-20903-B-07,CB-20904-A,CB-20904-B,CR-19101-B_08
PT-7338-1,LSHH-4004_I,LT-4005Q,LSLL-4006_I,,LSHH-4104,LALL-4105_I,LSLL-4106,PIT-4220,LSHH-4204_I,LALL-4205,LSLL-4206,,,,,,,,,S-1013_PM-0153_L,PM-0424,PM-0425-02,PM-0426_08,PM-0427-02,PM-0411-08,PM-0419-08,PM-0446-08,PM-0445,,,,PM-0122A-06,PM-0122B-02,PM-0121A-06,PM-0121B-06,PM-0126,PM-0104A_AL_P_BLK,PM-0104B-08,PM-0135A_ABLK_ST,PM-0135B_AL_P_BLK,PM-0601A-01,PM-0601B-08,PM-1101A-09,PM-1101B-09,CM-1101A_OOS,CM-1101B_OOS,CM-1101C-01,Z-0501-02,CAP_Z-0502_UA,Z-0503-02,PM-0201A-35,PM-0201B,P05_P-0202_O,,,PM-1502A-01,PM-1502B-01,PM-1503A-02,PM-1503B,PM-1509-08,PM-1511,PM-1514-08,PM-1515-08,PM-1516-02,PM-1201,PM-1202AB-DS,PM-1202B,PM-0109A-08,PM-0109B-02,PM-0110A-08,PM-0110B-08,PM-0111,PM-0112-08,PM-0120A,PM-0120B-08,PM-0301A-08,PM-0301B-08,EG-0901_29,EG-0902_29,EG-0903_29,P-01110,P-01111-A-09,P-01111-B-08,P-01112-A,P-01112-B-08,,,,P-04101-A-08,P-04101-B-09,P-04103_08,P-02101-13,P-15103-A-02,P-15103-B-02,P-15104-A,P-15104-B,,P-01101-A-27,P-01101-B,P-01102-A_08,P-01102-B_08,P-01201-A-09,P-01201-B,P-01103_08,CB-20901-A-07,CB-20901-B-07,CB-20902-A-07,CB-20902-B-07,CB-20903-A,CB-20903-B,CB-20904-A-07,CB-20904-B-07,CR-19101-A-27
,,,,,,,,,,,,,,,,,,,,PM-0153,PM-0424_02,PM-0425_10,PM-0426-08,PM-0427-08,PM-0411-02,S-1014_PM-0419_L,S-1014_PM-0446_L,PM-0445-02,,,,PM-0122A,PM-0122B,PM-0121A-01,PM-0121B-02,PM-0126-02,PM-0104A,PM-0104B_AL_P_BLK,,,PM-0601A-02,PM-0601B-01,PM-1101A,PM-1101B,CM-1101A-02,CM-1101B_RDY,CM-1101C_OPER,CAP_Z-0501_UA,Z-0502-02,CAP_Z-0503_RUN,PM-0201A-09,PM-0201B-09,PM-0202-02,,,PM-1502A,PM-1502B-02,PM-1503A-08,PM-1503B-02,PM-1509,PM-1511-01,PM-1514,PM-1515-02,PM-1516-01,PM-1201-02,PM-1202A,PM-1202B-06,PM-0109A-02,PM-0109B,PM-0110A-02,PM-0110B-02,PM-0111-02,PM-0112-02,,,PMS_Start_Inh_PM-0301A,PM-0301B,EG-0901-02,EG-0902-09,EG-0903-09,P-01110-08,P-01111-A-08,P-01111-B,P-01112-A-08,P-01112-B-09,,,,P-04101-A-09,P-04101-B,P-04103-08,P-02101-A-33,P-15103-A-13,P-15103-B-13,P-15104-A-08,P-15104-B_08,,P-01101-A-08,P-01101-B-27,P-01102-A,P-01102-B-09,P-01201-A,P-01201-B-08,P-01103-09,CB-20901-A-27,CB-20901-B,CB-20902-A-27,CB-20902-B,CB-20903-A-07,CB-20903-B-27,,,CR-19101-B-08
,,,,,,,,,,,,,,,,,,,,PM-0153-08,PM-0424_10,PM-0425_08,PM-0426,PM-0427-10,,,,,,,,PM-0122A-01,PM-0122B-01,PM-0121A,PM-0121B,,PM-0104A-08,PM-0104B_SPEED,,,PM-0601A,PM-0601B,PM-1101AB_FAIL,PM-1101B-02,CM-1101A_AUX,CM-1101B_START,CM-1101C_START,Z-0501-08,Z-0502-08,CAP_Z-0503_STBY1,PM-0201A-02,PM-0201B-01,Q06C_P-0202_I,,,PM-1502A-08,PM-1502B-08,PM-1503A,PM-1503B-08,,PM-1511-02,,,PM-1516-08,,PM-1202A-06,PM-1202B-09,,,,,PM-0111_2-08_I,,,,PM-0301A-02,PM-0301B-02,,,,,,,,,,,,,,P-04103,P-02101-A-27,P-15103-A_08,P-15103-B_08,P-15104-A_08,P-15104-B-27,,P-01101-A,P-01101-B-09,P-01102-A-09,P-01102-B_09,,,P-01103,,,,,,,,,CR-19101-A-08
,,,,,,,,,,,,,,,,,,,,,PM-0424-08,PM-0425_ABLK_ST,S-1014_PM-0426_L,PM-0427_STATUS,,,,,,,,,,,,,PM-0104A_ABLK_ST,PM-0104B,,,,,PM-1101A,PM-1101B_FAIL,CM-1101A_RDY,CM-1101B_SD,CM-1101C_NSPD,Z-0501-01,CAP_Z-0502_CA,CAP_Z-0503_UA,PM-0201A-01,PM-0201B-35,PM-0202,,,PM-1502A-12,PM-1502B-12,,,,,,,PM-1516-12,,PM-1202A-02,PM-1202B-02,,,,,PM-0111-08,,,,,,,,,,,,,,,,,,,P-04103-09,P-02101_08,P-15103-A-08,P-15103-B-08,,,,P-01101-A_08,P-01101-B-08,P-01102-A-27,P-01102-B-08,,,P-01103-08,,,,,,,,,CR-19101-07
,,,,,,,,,,,,,,,,,,,,,PM-0424_08,PM-0425-08,PM-0426_02,PM-0427_08,,,,,,,,,,,,,PM-0104A-10,PM-0104B-01,,,,,PM-1101A-02,PM-1101B-01,CM-1101A_FAIL,CM-1101B_NSPD,CM-1101C_RDY,CAP_Z-0501_STBY2,CAP_Z-0502_STBY1,Z-0503-01,,,PM-0202-35,,,,,,,,,,,,,PM-1202A-01,,,,,,,,,,,,,,,,,,,,,,,,,,P-02101-08,P-15103-A-14,P-15103-B,,,,,,,P-01102-B-27,,,,,,,,,,,,CR-19101-A_08
,,,,,,,,,,,,,,,,,,,,,,,,,,,,,,,,,,,,,PM-0104A-09,PM-0104B-02,,,,,PM-1101A-01,,CM-1101A_OPER,CM-1101B_FAIL,CM-1101C-02,CAP_Z-0501_RUN,CAP_Z-0502_STBY2,Z-0503-08,,,PM-0202-09,,,,,,,,,,,,,PM-1202A-09,,,,,,,,,,,,,,,,,,,,,,,,,,P-02101-A-06,P-15103-A,P-15103-B-03,,,,,,,,,,,,,,,,,,,CR-19101-B-09
,,,,,,,,,,,,,,,,,,,,,,,,,,,,,,,,,,,,,PM-0104A-02,PM-0104B-09,,,,,PM-1101A_FAIL,,CM-1101A_START,CM-1101B_OUT_OF_SERV,CM-1101C_STOP,CAP_Z-0501_STBY1,CAP_Z-0502_RUN,CAP_Z-0503_CA,,,P-0202-START-FG-I,,,,,,,,,,,,,,,,,,,,,,,,,,,,,,,,,,,,,,,P-02101-34,P-15103-A-16,P-15103-B-14,,,,,,,,,,,,,,,,,,,CR-19101-A-09
,,,,,,,,,,,,,,,,,,,,,,,,,,,,,,,,,,,,,PM-0104A_SPEED,PM-0104B_ABLK_ST,,,,,,,CM-1101A_NSPD,CM-1101B_STOP,CM-1101C_AUX,CAP_Z-0501_DUTY,CAP_Z-0502_DUTY,CAP_Z-0503_DUTY,,,P-0202-START-FG-O,,,,,,,,,,,,,,,,,,,,,,,,,,,,,,,,,,,,,,,P-02101-A,,,,,,,,,,,,,,,,,,,,,CR-19101-B-27
,,,,,,,,,,,,,,,,,,,,,,,,,,,,,,,,,,,,,,,,,,,,,CM-1101A_FL_INH,CM-1101B_RESET,CM-1101C_OUT_OF_SERV,,,,,,P01P04_P-0202_O,,,,,,,,,,,,,,,,,,,,,,,,,,,,,,,,,,,,,,,,,,,,,,,,,,,,,,,,,,,,
,,,,,,,,,,,,,,,,,,,,,,,,,,,,,,,,,,,,,,,,,,,,,CM-1101A_STOP,CM-1101B-02,CM-1101C_LOADED,,,,,,P07_P-0202_O,,,,,,,,,,,,,,,,,,,,,,,,,,,,,,,,,,,,,,,,,,,,,,,,,,,,,,,,,,,,
,,,,,,,,,,,,,,,,,,,,,,,,,,,,,,,,,,,,,,,,,,,,,CM-1101A-01,CM-1101B_AUX,CM-1101C,,,,,,P03_P-0202_O,,,,,,,,,,,,,,,,,,,,,,,,,,,,,,,,,,,,,,,,,,,,,,,,,,,,,,,,,,,,
,,,,,,,,,,,,,,,,,,,,,,,,,,,,,,,,,,,,,,,,,,,,,CM-1101A_LOADED,CM-1101B_LOADED,CM-1101C_FAIL,,,,,,P02P13_P-0202_O,,,,,,,,,,,,,,,,,,,,,,,,,,,,,,,,,,,,,,,,,,,,,,,,,,,,,,,,,,,,
,,,,,,,,,,,,,,,,,,,,,,,,,,,,,,,,,,,,,,,,,,,,,CM-1101A_SD,CM-1101B,CM-1101C_SD,,,,,,,,,,,,,,,,,,,,,,,,,,,,,,,,,,,,,,,,,,,,,,,,,,,,,,,,,,,,,,,,,,
,,,,,,,,,,,,,,,,,,,,,,,,,,,,,,,,,,,,,,,,,,,,,CM-1101A,CM-1101B_OPER,CM-1101C_FL_INH,,,,,,,,,,,,,,,,,,,,,,,,,,,,,,,,,,,,,,,,,,,,,,,,,,,,,,,,,,,,,,,,,,
,,,,,,,,,,,,,,,,,,,,,,,,,,,,,,,,,,,,,,,,,,,,,CM-1101A_RESET,CM-1101B-01,CM-1101C_RESET,,,,,,,,,,,,,,,,,,,,,,,,,,,,,,,,,,,,,,,,,,,,,,,,,,,,,,,,,,,,,,,,,,
